[
  {
    "name": "Kimsxr.ssr ィ",
    "facebook": "https://www.facebook.com/kimsxr.sensery.2025",
    "permission": "leader",
    "image": "https://cdn.discordapp.com/attachments/1308837237231976448/1461499051974328371/re11.png?ex=696ac68f&is=6969750f&hm=67a97fcc172f81dfcb1241d4c6593dc2f7c9adbde4ef6fab709345bfa31586e4&"
  },
{
    "name": "Jercy Oneintheworld",
    "facebook": "https://www.facebook.com/profile.php?id=61576963921493",
    "permission": "leader",
    "image": "https://cdn.discordapp.com/attachments/1308837237231976448/1461499051974328371/re11.png?ex=696ac68f&is=6969750f&hm=67a97fcc172f81dfcb1241d4c6593dc2f7c9adbde4ef6fab709345bfa31586e4&"
  },
{
    "name": "No Choxnburiflow",
    "facebook": "https://www.facebook.com/share/1ASytv2MjS/",
    "permission": "leader",
    "image": "https://cdn.discordapp.com/attachments/1308837237231976448/1461499051974328371/re11.png?ex=696ac68f&is=6969750f&hm=67a97fcc172f81dfcb1241d4c6593dc2f7c9adbde4ef6fab709345bfa31586e4&"
  },
  {
    "name": "Carmel Interfia",
    "facebook": "https://www.facebook.com/carmel.xantarez",
    "permission": "member",
    "image": "https://cdn.discordapp.com/attachments/1308837237231976448/1461499051974328371/re11.png?ex=696ac68f&is=6969750f&hm=67a97fcc172f81dfcb1241d4c6593dc2f7c9adbde4ef6fab709345bfa31586e4&"
  },
{
    "name": "Freya Queenrich",
    "facebook": "https://www.facebook.com/share/1FdL8PemtL/",
    "permission": "member",
    "image": "https://cdn.discordapp.com/attachments/1308837237231976448/1461499051974328371/re11.png?ex=696ac68f&is=6969750f&hm=67a97fcc172f81dfcb1241d4c6593dc2f7c9adbde4ef6fab709345bfa31586e4&"
  },
{
    "name": "Alice Snow ",
    "facebook": "https://www.facebook.com/share/17qAt1DpBC/",
    "permission": "member",
    "image": "https://cdn.discordapp.com/attachments/1308837237231976448/1461499051974328371/re11.png?ex=696ac68f&is=6969750f&hm=67a97fcc172f81dfcb1241d4c6593dc2f7c9adbde4ef6fab709345bfa31586e4&"
  },
  {
    "name": "Gumuay Meungyaryer ",
    "facebook": "https://www.facebook.com/jeedjad.wdf",
    "permission": "member",
    "image": "https://cdn.discordapp.com/attachments/1308837237231976448/1461499051974328371/re11.png?ex=696ac68f&is=6969750f&hm=67a97fcc172f81dfcb1241d4c6593dc2f7c9adbde4ef6fab709345bfa31586e4&"
  },
  {
    "name": "น้องยูมิ เด็กอ้วน ",
    "facebook": "https://www.facebook.com/yumi.saiga",
    "permission": "member",
    "image": "https://cdn.discordapp.com/attachments/1308837237231976448/1461499051974328371/re11.png?ex=696ac68f&is=6969750f&hm=67a97fcc172f81dfcb1241d4c6593dc2f7c9adbde4ef6fab709345bfa31586e4&"
  },
  {
    "name": "NongArì Lmmortal Ilovesummerteesud  ",
    "facebook": "https://www.facebook.com/mori.nami.2024",
    "permission": "member",
    "image": "https://cdn.discordapp.com/attachments/1308837237231976448/1461499051974328371/re11.png?ex=696ac68f&is=6969750f&hm=67a97fcc172f81dfcb1241d4c6593dc2f7c9adbde4ef6fab709345bfa31586e4&"
  },
  {
    "name": "NongIris Isalwayslonely ",
    "facebook": "https://www.facebook.com/lrismerlizia.i",
    "permission": "member",
    "image": "https://cdn.discordapp.com/attachments/1308837237231976448/1461499051974328371/re11.png?ex=696ac68f&is=6969750f&hm=67a97fcc172f81dfcb1241d4c6593dc2f7c9adbde4ef6fab709345bfa31586e4&"
  },
  {
    "name": "Hyz Maimimarayart ",
    "facebook": "https://www.facebook.com/hyz.wen",
    "permission": "member",
    "image": "https://cdn.discordapp.com/attachments/1308837237231976448/1461499051974328371/re11.png?ex=696ac68f&is=6969750f&hm=67a97fcc172f81dfcb1241d4c6593dc2f7c9adbde4ef6fab709345bfa31586e4&"
  },
  {
    "name": "Kanomphing ィ ۦ ",
    "facebook": "https://www.facebook.com/ideai.2025",
    "permission": "member",
    "image": "https://cdn.discordapp.com/attachments/1308837237231976448/1461499051974328371/re11.png?ex=696ac68f&is=6969750f&hm=67a97fcc172f81dfcb1241d4c6593dc2f7c9adbde4ef6fab709345bfa31586e4&"
  },
  {
    "name": "Tagikaze Dandaratheseason ",
    "facebook": "https://www.facebook.com/profile.php?id=61578181722565",
    "permission": "member",
    "image": "https://cdn.discordapp.com/attachments/1308837237231976448/1461499051974328371/re11.png?ex=696ac68f&is=6969750f&hm=67a97fcc172f81dfcb1241d4c6593dc2f7c9adbde4ef6fab709345bfa31586e4&"
  },
  {
    "name": "n𑄝nchibidaིྀrin イ",
    "facebook": "https://www.facebook.com/profile.php?id=61579343401265",
    "permission": "member",
    "image": "https://cdn.discordapp.com/attachments/1308837237231976448/1461499051974328371/re11.png?ex=696ac68f&is=6969750f&hm=67a97fcc172f81dfcb1241d4c6593dc2f7c9adbde4ef6fab709345bfa31586e4&"
  },
  {
    "name": "Highzent Sabudbob ",
    "facebook": "https://www.facebook.com/profile.php?id=61584994379686",
    "permission": "member",
    "image": "https://cdn.discordapp.com/attachments/1308837237231976448/1461499051974328371/re11.png?ex=696ac68f&is=6969750f&hm=67a97fcc172f81dfcb1241d4c6593dc2f7c9adbde4ef6fab709345bfa31586e4&"
  },
  {
    "name": "Khanomwaan Diamondonsnow",
    "facebook": "https://www.facebook.com/khanomwaan.winterfell.demo",
    "permission": "member",
    "image": "https://cdn.discordapp.com/attachments/1308837237231976448/1461499051974328371/re11.png?ex=696ac68f&is=6969750f&hm=67a97fcc172f81dfcb1241d4c6593dc2f7c9adbde4ef6fab709345bfa31586e4&"
  },
  {
    "name": "n𑄝nrealdaིྀrin イ",
    "facebook": "https://www.facebook.com/onlyweknowz",
    "permission": "member",
    "image": "https://cdn.discordapp.com/attachments/1308837237231976448/1461499051974328371/re11.png?ex=696ac68f&is=6969750f&hm=67a97fcc172f81dfcb1241d4c6593dc2f7c9adbde4ef6fab709345bfa31586e4&"
  },
  {
    "name": "Jercy Alisha ",
    "facebook": "https://www.facebook.com/sunflex.esteniel",
    "permission": "member",
    "image": "https://cdn.discordapp.com/attachments/1308837237231976448/1461499051974328371/re11.png?ex=696ac68f&is=6969750f&hm=67a97fcc172f81dfcb1241d4c6593dc2f7c9adbde4ef6fab709345bfa31586e4&"
  },
  {
    "name": "โอปอ สบัดบ็อบ ",
    "facebook": "https://www.facebook.com/ku.tun.xalrei.yl.b.xk.sing",
    "permission": "member",
    "image": "https://cdn.discordapp.com/attachments/1308837237231976448/1461499051974328371/re11.png?ex=696ac68f&is=6969750f&hm=67a97fcc172f81dfcb1241d4c6593dc2f7c9adbde4ef6fab709345bfa31586e4&"
  }
]
